<?xml version="1.0" encoding="UTF-8"?>
<labels>
    <global w="1280" h="720" progname="Toybox Turbos"/>
    <label name="Online_Protection_1_720p" percent="1" percent_per_block="1" grey_filter="0" move_block_time_after_btn_press="0" btn_press_block_time_after_move="0" key_press_block_time_after_key_press="0">
        <tags>
            <tag x="624" y="128" width="16" height="16">
                <colors>
                    <color r="18" g="20" b="81"/>
                    <color r="21" g="28" b="90"/>
                    <color r="14" g="22" b="88"/>
                    <color r="14" g="22" b="88"/>
                    <color r="13" g="21" b="88"/>
                    <color r="13" g="21" b="88"/>
                    <color r="13" g="21" b="88"/>
                    <color r="13" g="21" b="88"/>
                    <color r="13" g="21" b="88"/>
                    <color r="13" g="21" b="88"/>
                    <color r="13" g="21" b="88"/>
                    <color r="14" g="22" b="88"/>
                    <color r="14" g="21" b="88"/>
                    <color r="18" g="24" b="88"/>
                    <color r="16" g="18" b="83"/>
                    <color r="107" g="109" b="142"/>
                    <color r="21" g="26" b="87"/>
                    <color r="17" g="23" b="88"/>
                    <color r="16" g="23" b="89"/>
                    <color r="14" g="21" b="88"/>
                    <color r="13" g="21" b="88"/>
                    <color r="13" g="21" b="88"/>
                    <color r="13" g="21" b="88"/>
                    <color r="13" g="21" b="88"/>
                    <color r="13" g="21" b="88"/>
                    <color r="13" g="21" b="88"/>
                    <color r="13" g="21" b="88"/>
                    <color r="14" g="22" b="88"/>
                    <color r="14" g="21" b="88"/>
                    <color r="18" g="24" b="88"/>
                    <color r="16" g="18" b="83"/>
                    <color r="107" g="109" b="142"/>
                    <color r="17" g="23" b="87"/>
                    <color r="17" g="24" b="88"/>
                    <color r="16" g="23" b="89"/>
                    <color r="14" g="21" b="88"/>
                    <color r="13" g="21" b="88"/>
                    <color r="13" g="21" b="88"/>
                    <color r="13" g="21" b="88"/>
                    <color r="13" g="21" b="88"/>
                    <color r="13" g="21" b="88"/>
                    <color r="13" g="21" b="88"/>
                    <color r="13" g="21" b="88"/>
                    <color r="14" g="22" b="88"/>
                    <color r="14" g="21" b="88"/>
                    <color r="18" g="24" b="88"/>
                    <color r="16" g="18" b="83"/>
                    <color r="107" g="109" b="142"/>
                    <color r="9" g="13" b="85"/>
                    <color r="18" g="25" b="88"/>
                    <color r="15" g="23" b="89"/>
                    <color r="14" g="21" b="88"/>
                    <color r="13" g="21" b="88"/>
                    <color r="13" g="21" b="88"/>
                    <color r="13" g="21" b="88"/>
                    <color r="13" g="21" b="88"/>
                    <color r="13" g="21" b="88"/>
                    <color r="13" g="21" b="88"/>
                    <color r="13" g="21" b="88"/>
                    <color r="14" g="22" b="88"/>
                    <color r="14" g="21" b="88"/>
                    <color r="18" g="24" b="88"/>
                    <color r="16" g="18" b="83"/>
                    <color r="107" g="109" b="142"/>
                    <color r="10" g="11" b="83"/>
                    <color r="19" g="25" b="88"/>
                    <color r="16" g="23" b="89"/>
                    <color r="14" g="21" b="88"/>
                    <color r="13" g="21" b="88"/>
                    <color r="13" g="21" b="88"/>
                    <color r="13" g="21" b="88"/>
                    <color r="13" g="21" b="88"/>
                    <color r="13" g="21" b="88"/>
                    <color r="13" g="21" b="88"/>
                    <color r="13" g="21" b="88"/>
                    <color r="14" g="22" b="88"/>
                    <color r="14" g="21" b="88"/>
                    <color r="18" g="24" b="88"/>
                    <color r="16" g="18" b="83"/>
                    <color r="107" g="109" b="142"/>
                    <color r="9" g="11" b="83"/>
                    <color r="19" g="25" b="88"/>
                    <color r="16" g="23" b="89"/>
                    <color r="14" g="22" b="88"/>
                    <color r="13" g="21" b="88"/>
                    <color r="13" g="21" b="88"/>
                    <color r="13" g="21" b="88"/>
                    <color r="13" g="21" b="88"/>
                    <color r="13" g="21" b="88"/>
                    <color r="13" g="21" b="88"/>
                    <color r="13" g="21" b="88"/>
                    <color r="14" g="22" b="88"/>
                    <color r="14" g="21" b="88"/>
                    <color r="18" g="24" b="88"/>
                    <color r="16" g="18" b="83"/>
                    <color r="107" g="109" b="142"/>
                    <color r="10" g="11" b="82"/>
                    <color r="19" g="26" b="88"/>
                    <color r="16" g="23" b="89"/>
                    <color r="14" g="22" b="88"/>
                    <color r="13" g="21" b="88"/>
                    <color r="13" g="21" b="88"/>
                    <color r="13" g="21" b="88"/>
                    <color r="13" g="21" b="88"/>
                    <color r="13" g="21" b="88"/>
                    <color r="13" g="21" b="88"/>
                    <color r="13" g="21" b="88"/>
                    <color r="14" g="22" b="88"/>
                    <color r="14" g="21" b="88"/>
                    <color r="18" g="24" b="88"/>
                    <color r="16" g="18" b="83"/>
                    <color r="107" g="109" b="142"/>
                    <color r="10" g="11" b="82"/>
                    <color r="20" g="26" b="88"/>
                    <color r="16" g="23" b="89"/>
                    <color r="14" g="22" b="88"/>
                    <color r="13" g="21" b="88"/>
                    <color r="13" g="21" b="88"/>
                    <color r="13" g="21" b="88"/>
                    <color r="13" g="21" b="88"/>
                    <color r="13" g="21" b="88"/>
                    <color r="13" g="21" b="88"/>
                    <color r="13" g="21" b="88"/>
                    <color r="14" g="22" b="88"/>
                    <color r="14" g="21" b="88"/>
                    <color r="18" g="24" b="88"/>
                    <color r="16" g="18" b="83"/>
                    <color r="107" g="109" b="142"/>
                    <color r="11" g="12" b="80"/>
                    <color r="20" g="26" b="89"/>
                    <color r="16" g="23" b="89"/>
                    <color r="14" g="22" b="88"/>
                    <color r="13" g="21" b="88"/>
                    <color r="13" g="21" b="88"/>
                    <color r="13" g="21" b="88"/>
                    <color r="13" g="21" b="88"/>
                    <color r="13" g="21" b="88"/>
                    <color r="13" g="21" b="88"/>
                    <color r="13" g="21" b="88"/>
                    <color r="14" g="22" b="88"/>
                    <color r="14" g="21" b="88"/>
                    <color r="18" g="24" b="88"/>
                    <color r="16" g="18" b="83"/>
                    <color r="107" g="109" b="142"/>
                    <color r="11" g="12" b="79"/>
                    <color r="21" g="27" b="89"/>
                    <color r="15" g="23" b="89"/>
                    <color r="14" g="22" b="88"/>
                    <color r="13" g="21" b="88"/>
                    <color r="13" g="21" b="88"/>
                    <color r="13" g="21" b="88"/>
                    <color r="13" g="21" b="88"/>
                    <color r="13" g="21" b="88"/>
                    <color r="13" g="21" b="88"/>
                    <color r="13" g="21" b="88"/>
                    <color r="14" g="22" b="88"/>
                    <color r="14" g="21" b="88"/>
                    <color r="18" g="24" b="88"/>
                    <color r="16" g="18" b="83"/>
                    <color r="107" g="109" b="142"/>
                    <color r="11" g="13" b="78"/>
                    <color r="21" g="27" b="89"/>
                    <color r="15" g="23" b="88"/>
                    <color r="14" g="22" b="88"/>
                    <color r="13" g="21" b="88"/>
                    <color r="13" g="21" b="88"/>
                    <color r="13" g="21" b="88"/>
                    <color r="13" g="21" b="88"/>
                    <color r="13" g="21" b="88"/>
                    <color r="13" g="21" b="88"/>
                    <color r="13" g="21" b="88"/>
                    <color r="14" g="22" b="88"/>
                    <color r="14" g="21" b="88"/>
                    <color r="18" g="24" b="88"/>
                    <color r="16" g="18" b="83"/>
                    <color r="107" g="109" b="142"/>
                    <color r="13" g="14" b="76"/>
                    <color r="23" g="28" b="90"/>
                    <color r="15" g="23" b="88"/>
                    <color r="14" g="22" b="88"/>
                    <color r="13" g="21" b="88"/>
                    <color r="13" g="21" b="88"/>
                    <color r="13" g="21" b="88"/>
                    <color r="13" g="21" b="88"/>
                    <color r="13" g="21" b="88"/>
                    <color r="13" g="21" b="88"/>
                    <color r="13" g="21" b="88"/>
                    <color r="14" g="22" b="88"/>
                    <color r="14" g="21" b="88"/>
                    <color r="18" g="24" b="88"/>
                    <color r="16" g="18" b="83"/>
                    <color r="107" g="109" b="141"/>
                    <color r="13" g="14" b="76"/>
                    <color r="22" g="28" b="90"/>
                    <color r="15" g="23" b="88"/>
                    <color r="14" g="22" b="88"/>
                    <color r="13" g="21" b="88"/>
                    <color r="13" g="21" b="88"/>
                    <color r="13" g="21" b="88"/>
                    <color r="13" g="21" b="88"/>
                    <color r="13" g="21" b="88"/>
                    <color r="13" g="21" b="88"/>
                    <color r="13" g="21" b="88"/>
                    <color r="14" g="22" b="88"/>
                    <color r="14" g="21" b="88"/>
                    <color r="18" g="24" b="88"/>
                    <color r="16" g="18" b="83"/>
                    <color r="107" g="109" b="141"/>
                    <color r="13" g="14" b="73"/>
                    <color r="23" g="29" b="90"/>
                    <color r="15" g="22" b="88"/>
                    <color r="14" g="21" b="88"/>
                    <color r="13" g="21" b="88"/>
                    <color r="13" g="21" b="88"/>
                    <color r="13" g="21" b="88"/>
                    <color r="13" g="21" b="88"/>
                    <color r="13" g="21" b="88"/>
                    <color r="13" g="21" b="88"/>
                    <color r="13" g="21" b="88"/>
                    <color r="14" g="22" b="88"/>
                    <color r="13" g="21" b="88"/>
                    <color r="17" g="24" b="89"/>
                    <color r="14" g="16" b="84"/>
                    <color r="93" g="95" b="132"/>
                    <color r="14" g="18" b="83"/>
                    <color r="17" g="23" b="89"/>
                    <color r="14" g="22" b="88"/>
                    <color r="13" g="21" b="88"/>
                    <color r="13" g="21" b="88"/>
                    <color r="13" g="21" b="88"/>
                    <color r="13" g="21" b="88"/>
                    <color r="13" g="21" b="88"/>
                    <color r="13" g="21" b="88"/>
                    <color r="13" g="21" b="88"/>
                    <color r="13" g="21" b="88"/>
                    <color r="13" g="21" b="88"/>
                    <color r="13" g="21" b="88"/>
                    <color r="12" g="21" b="88"/>
                    <color r="13" g="18" b="88"/>
                    <color r="32" g="34" b="97"/>
                    <color r="13" g="21" b="88"/>
                    <color r="13" g="21" b="88"/>
                    <color r="13" g="21" b="88"/>
                    <color r="13" g="21" b="88"/>
                    <color r="13" g="21" b="88"/>
                    <color r="13" g="21" b="88"/>
                    <color r="13" g="21" b="88"/>
                    <color r="13" g="21" b="88"/>
                    <color r="13" g="21" b="88"/>
                    <color r="13" g="21" b="88"/>
                    <color r="13" g="21" b="88"/>
                    <color r="13" g="21" b="88"/>
                    <color r="13" g="21" b="88"/>
                    <color r="12" g="21" b="88"/>
                    <color r="13" g="21" b="88"/>
                    <color r="15" g="21" b="88"/>
                </colors>
            </tag>
            <tag x="656" y="112" width="16" height="16">
                <colors>
                    <color r="254" g="254" b="254"/>
                    <color r="254" g="254" b="254"/>
                    <color r="254" g="254" b="254"/>
                    <color r="254" g="254" b="254"/>
                    <color r="254" g="254" b="254"/>
                    <color r="254" g="254" b="254"/>
                    <color r="253" g="253" b="253"/>
                    <color r="253" g="253" b="254"/>
                    <color r="253" g="253" b="254"/>
                    <color r="251" g="251" b="252"/>
                    <color r="230" g="230" b="235"/>
                    <color r="138" g="139" b="169"/>
                    <color r="36" g="38" b="102"/>
                    <color r="24" g="29" b="91"/>
                    <color r="14" g="22" b="88"/>
                    <color r="15" g="22" b="88"/>
                    <color r="254" g="254" b="254"/>
                    <color r="254" g="254" b="254"/>
                    <color r="254" g="254" b="254"/>
                    <color r="254" g="254" b="254"/>
                    <color r="254" g="254" b="254"/>
                    <color r="254" g="254" b="254"/>
                    <color r="254" g="254" b="254"/>
                    <color r="254" g="254" b="254"/>
                    <color r="254" g="254" b="254"/>
                    <color r="254" g="254" b="254"/>
                    <color r="254" g="254" b="254"/>
                    <color r="240" g="240" b="243"/>
                    <color r="149" g="150" b="178"/>
                    <color r="17" g="19" b="85"/>
                    <color r="25" g="30" b="90"/>
                    <color r="15" g="23" b="88"/>
                    <color r="254" g="254" b="254"/>
                    <color r="254" g="254" b="254"/>
                    <color r="254" g="254" b="254"/>
                    <color r="254" g="254" b="254"/>
                    <color r="254" g="254" b="254"/>
                    <color r="254" g="254" b="254"/>
                    <color r="254" g="254" b="254"/>
                    <color r="254" g="254" b="254"/>
                    <color r="254" g="254" b="254"/>
                    <color r="254" g="254" b="254"/>
                    <color r="254" g="254" b="255"/>
                    <color r="253" g="253" b="253"/>
                    <color r="243" g="243" b="246"/>
                    <color r="115" g="117" b="146"/>
                    <color r="15" g="16" b="82"/>
                    <color r="22" g="28" b="89"/>
                    <color r="254" g="254" b="254"/>
                    <color r="254" g="254" b="254"/>
                    <color r="254" g="254" b="254"/>
                    <color r="254" g="254" b="254"/>
                    <color r="254" g="254" b="254"/>
                    <color r="254" g="254" b="254"/>
                    <color r="254" g="254" b="254"/>
                    <color r="254" g="254" b="254"/>
                    <color r="254" g="254" b="254"/>
                    <color r="254" g="254" b="254"/>
                    <color r="254" g="254" b="254"/>
                    <color r="254" g="254" b="254"/>
                    <color r="253" g="253" b="254"/>
                    <color r="208" g="209" b="217"/>
                    <color r="23" g="24" b="89"/>
                    <color r="22" g="26" b="88"/>
                    <color r="254" g="254" b="254"/>
                    <color r="254" g="254" b="254"/>
                    <color r="255" g="255" b="255"/>
                    <color r="254" g="254" b="254"/>
                    <color r="254" g="254" b="254"/>
                    <color r="254" g="254" b="254"/>
                    <color r="254" g="254" b="254"/>
                    <color r="254" g="254" b="254"/>
                    <color r="254" g="254" b="254"/>
                    <color r="254" g="254" b="254"/>
                    <color r="254" g="254" b="254"/>
                    <color r="254" g="254" b="254"/>
                    <color r="254" g="254" b="254"/>
                    <color r="242" g="242" b="245"/>
                    <color r="80" g="82" b="123"/>
                    <color r="11" g="14" b="83"/>
                    <color r="247" g="247" b="249"/>
                    <color r="253" g="253" b="253"/>
                    <color r="254" g="254" b="254"/>
                    <color r="254" g="254" b="254"/>
                    <color r="254" g="254" b="254"/>
                    <color r="254" g="254" b="254"/>
                    <color r="254" g="254" b="254"/>
                    <color r="254" g="254" b="254"/>
                    <color r="254" g="254" b="254"/>
                    <color r="254" g="254" b="254"/>
                    <color r="254" g="254" b="254"/>
                    <color r="254" g="254" b="254"/>
                    <color r="254" g="254" b="254"/>
                    <color r="249" g="249" b="250"/>
                    <color r="112" g="113" b="145"/>
                    <color r="14" g="16" b="79"/>
                    <color r="119" g="121" b="149"/>
                    <color r="209" g="210" b="218"/>
                    <color r="253" g="253" b="254"/>
                    <color r="254" g="254" b="254"/>
                    <color r="254" g="254" b="254"/>
                    <color r="254" g="254" b="254"/>
                    <color r="254" g="254" b="254"/>
                    <color r="254" g="254" b="254"/>
                    <color r="254" g="254" b="254"/>
                    <color r="254" g="254" b="254"/>
                    <color r="254" g="254" b="254"/>
                    <color r="254" g="254" b="254"/>
                    <color r="253" g="253" b="254"/>
                    <color r="250" g="250" b="252"/>
                    <color r="120" g="121" b="150"/>
                    <color r="15" g="16" b="78"/>
                    <color r="10" g="11" b="82"/>
                    <color r="36" g="36" b="104"/>
                    <color r="228" g="229" b="234"/>
                    <color r="253" g="253" b="253"/>
                    <color r="254" g="254" b="254"/>
                    <color r="254" g="254" b="254"/>
                    <color r="254" g="254" b="254"/>
                    <color r="254" g="254" b="254"/>
                    <color r="254" g="254" b="254"/>
                    <color r="254" g="254" b="254"/>
                    <color r="254" g="254" b="254"/>
                    <color r="254" g="254" b="254"/>
                    <color r="254" g="254" b="254"/>
                    <color r="246" g="247" b="248"/>
                    <color r="94" g="96" b="132"/>
                    <color r="18" g="19" b="80"/>
                    <color r="42" g="43" b="87"/>
                    <color r="71" g="71" b="119"/>
                    <color r="231" g="231" b="236"/>
                    <color r="253" g="253" b="253"/>
                    <color r="254" g="254" b="254"/>
                    <color r="254" g="254" b="254"/>
                    <color r="254" g="254" b="254"/>
                    <color r="254" g="254" b="254"/>
                    <color r="254" g="254" b="254"/>
                    <color r="254" g="254" b="254"/>
                    <color r="254" g="254" b="254"/>
                    <color r="254" g="254" b="254"/>
                    <color r="254" g="254" b="254"/>
                    <color r="228" g="228" b="233"/>
                    <color r="53" g="55" b="105"/>
                    <color r="17" g="18" b="82"/>
                    <color r="111" g="111" b="139"/>
                    <color r="201" g="202" b="212"/>
                    <color r="252" g="252" b="253"/>
                    <color r="254" g="254" b="254"/>
                    <color r="254" g="254" b="254"/>
                    <color r="254" g="254" b="254"/>
                    <color r="254" g="254" b="254"/>
                    <color r="254" g="254" b="254"/>
                    <color r="254" g="254" b="254"/>
                    <color r="254" g="254" b="254"/>
                    <color r="254" g="254" b="254"/>
                    <color r="254" g="254" b="254"/>
                    <color r="252" g="252" b="253"/>
                    <color r="164" g="165" b="181"/>
                    <color r="17" g="18" b="84"/>
                    <color r="24" g="25" b="85"/>
                    <color r="239" g="239" b="242"/>
                    <color r="251" g="251" b="252"/>
                    <color r="254" g="254" b="254"/>
                    <color r="254" g="254" b="254"/>
                    <color r="254" g="254" b="254"/>
                    <color r="254" g="254" b="254"/>
                    <color r="254" g="254" b="254"/>
                    <color r="254" g="254" b="254"/>
                    <color r="255" g="255" b="255"/>
                    <color r="254" g="254" b="254"/>
                    <color r="254" g="254" b="254"/>
                    <color r="252" g="252" b="252"/>
                    <color r="205" g="206" b="215"/>
                    <color r="39" g="39" b="97"/>
                    <color r="32" g="34" b="91"/>
                    <color r="40" g="41" b="99"/>
                    <color r="252" g="252" b="253"/>
                    <color r="254" g="254" b="254"/>
                    <color r="255" g="255" b="255"/>
                    <color r="254" g="254" b="254"/>
                    <color r="254" g="254" b="254"/>
                    <color r="254" g="254" b="254"/>
                    <color r="254" g="254" b="254"/>
                    <color r="254" g="254" b="255"/>
                    <color r="253" g="253" b="253"/>
                    <color r="252" g="252" b="252"/>
                    <color r="251" g="251" b="251"/>
                    <color r="208" g="209" b="218"/>
                    <color r="55" g="56" b="114"/>
                    <color r="31" g="34" b="91"/>
                    <color r="33" g="36" b="89"/>
                    <color r="76" g="76" b="116"/>
                    <color r="254" g="254" b="254"/>
                    <color r="254" g="254" b="254"/>
                    <color r="254" g="254" b="254"/>
                    <color r="254" g="254" b="254"/>
                    <color r="254" g="254" b="254"/>
                    <color r="254" g="254" b="254"/>
                    <color r="255" g="255" b="255"/>
                    <color r="254" g="254" b="254"/>
                    <color r="245" g="245" b="247"/>
                    <color r="223" g="223" b="229"/>
                    <color r="157" g="159" b="183"/>
                    <color r="62" g="64" b="113"/>
                    <color r="22" g="27" b="89"/>
                    <color r="18" g="25" b="89"/>
                    <color r="32" g="35" b="90"/>
                    <color r="92" g="92" b="133"/>
                    <color r="254" g="254" b="254"/>
                    <color r="254" g="254" b="254"/>
                    <color r="254" g="254" b="254"/>
                    <color r="254" g="254" b="254"/>
                    <color r="254" g="254" b="254"/>
                    <color r="254" g="254" b="254"/>
                    <color r="254" g="254" b="254"/>
                    <color r="254" g="254" b="254"/>
                    <color r="227" g="228" b="234"/>
                    <color r="161" g="162" b="178"/>
                    <color r="53" g="58" b="110"/>
                    <color r="22" g="25" b="88"/>
                    <color r="24" g="30" b="90"/>
                    <color r="17" g="23" b="87"/>
                    <color r="25" g="30" b="91"/>
                    <color r="110" g="112" b="152"/>
                    <color r="254" g="254" b="254"/>
                    <color r="254" g="254" b="254"/>
                    <color r="254" g="254" b="254"/>
                    <color r="254" g="254" b="254"/>
                    <color r="254" g="254" b="254"/>
                    <color r="254" g="254" b="254"/>
                    <color r="255" g="255" b="255"/>
                    <color r="254" g="254" b="254"/>
                    <color r="247" g="248" b="249"/>
                    <color r="231" g="231" b="235"/>
                    <color r="187" g="188" b="203"/>
                    <color r="81" g="85" b="131"/>
                    <color r="15" g="18" b="89"/>
                    <color r="32" g="36" b="91"/>
                    <color r="21" g="23" b="90"/>
                    <color r="144" g="145" b="168"/>
                    <color r="253" g="253" b="253"/>
                    <color r="254" g="254" b="254"/>
                    <color r="255" g="255" b="255"/>
                    <color r="254" g="254" b="254"/>
                    <color r="254" g="254" b="254"/>
                    <color r="254" g="254" b="254"/>
                    <color r="254" g="254" b="254"/>
                    <color r="254" g="254" b="255"/>
                    <color r="253" g="253" b="254"/>
                    <color r="252" g="252" b="252"/>
                    <color r="252" g="252" b="252"/>
                    <color r="229" g="229" b="234"/>
                    <color r="109" g="112" b="145"/>
                    <color r="8" g="8" b="86"/>
                    <color r="21" g="27" b="93"/>
                    <color r="155" g="156" b="173"/>
                </colors>
            </tag>
            <tag x="672" y="160" width="16" height="16">
                <colors>
                    <color r="13" g="12" b="87"/>
                    <color r="87" g="76" b="77"/>
                    <color r="159" g="136" b="55"/>
                    <color r="205" g="175" b="29"/>
                    <color r="231" g="197" b="15"/>
                    <color r="240" g="209" b="13"/>
                    <color r="242" g="213" b="10"/>
                    <color r="244" g="213" b="8"/>
                    <color r="242" g="210" b="11"/>
                    <color r="230" g="196" b="15"/>
                    <color r="124" g="107" b="67"/>
                    <color r="17" g="17" b="88"/>
                    <color r="20" g="24" b="88"/>
                    <color r="14" g="21" b="88"/>
                    <color r="15" g="22" b="88"/>
                    <color r="18" g="23" b="88"/>
                    <color r="177" g="151" b="50"/>
                    <color r="241" g="206" b="7"/>
                    <color r="252" g="218" b="3"/>
                    <color r="252" g="216" b="3"/>
                    <color r="249" g="214" b="6"/>
                    <color r="234" g="200" b="16"/>
                    <color r="211" g="180" b="32"/>
                    <color r="231" g="196" b="20"/>
                    <color r="249" g="213" b="7"/>
                    <color r="252" g="217" b="3"/>
                    <color r="225" g="191" b="25"/>
                    <color r="44" g="43" b="85"/>
                    <color r="11" g="19" b="88"/>
                    <color r="15" g="21" b="88"/>
                    <color r="23" g="27" b="87"/>
                    <color r="35" g="33" b="87"/>
                    <color r="250" g="215" b="4"/>
                    <color r="253" g="216" b="4"/>
                    <color r="249" g="214" b="9"/>
                    <color r="224" g="192" b="17"/>
                    <color r="153" g="131" b="49"/>
                    <color r="80" g="69" b="77"/>
                    <color r="47" g="45" b="84"/>
                    <color r="113" g="100" b="63"/>
                    <color r="239" g="206" b="13"/>
                    <color r="253" g="217" b="1"/>
                    <color r="230" g="196" b="26"/>
                    <color r="60" g="52" b="85"/>
                    <color r="17" g="18" b="88"/>
                    <color r="29" g="28" b="87"/>
                    <color r="31" g="33" b="86"/>
                    <color r="86" g="74" b="70"/>
                    <color r="253" g="216" b="3"/>
                    <color r="252" g="216" b="4"/>
                    <color r="206" g="178" b="31"/>
                    <color r="85" g="77" b="69"/>
                    <color r="33" g="30" b="86"/>
                    <color r="23" g="21" b="88"/>
                    <color r="20" g="20" b="88"/>
                    <color r="136" g="121" b="55"/>
                    <color r="245" g="209" b="10"/>
                    <color r="253" g="218" b="2"/>
                    <color r="193" g="165" b="41"/>
                    <color r="28" g="26" b="87"/>
                    <color r="26" g="26" b="86"/>
                    <color r="74" g="66" b="78"/>
                    <color r="148" g="129" b="52"/>
                    <color r="224" g="195" b="23"/>
                    <color r="252" g="216" b="4"/>
                    <color r="212" g="181" b="33"/>
                    <color r="45" g="40" b="77"/>
                    <color r="22" g="25" b="87"/>
                    <color r="25" g="27" b="88"/>
                    <color r="30" g="31" b="88"/>
                    <color r="40" g="42" b="79"/>
                    <color r="220" g="188" b="24"/>
                    <color r="252" g="216" b="4"/>
                    <color r="254" g="217" b="2"/>
                    <color r="206" g="175" b="43"/>
                    <color r="152" g="129" b="57"/>
                    <color r="175" g="150" b="41"/>
                    <color r="219" g="190" b="22"/>
                    <color r="240" g="205" b="10"/>
                    <color r="172" g="149" b="48"/>
                    <color r="216" g="186" b="31"/>
                    <color r="29" g="25" b="81"/>
                    <color r="25" g="27" b="88"/>
                    <color r="20" g="25" b="87"/>
                    <color r="26" g="28" b="87"/>
                    <color r="16" g="15" b="88"/>
                    <color r="174" g="150" b="52"/>
                    <color r="252" g="217" b="3"/>
                    <color r="253" g="215" b="3"/>
                    <color r="252" g="215" b="5"/>
                    <color r="253" g="217" b="3"/>
                    <color r="251" g="220" b="4"/>
                    <color r="249" g="217" b="4"/>
                    <color r="218" g="187" b="28"/>
                    <color r="118" g="103" b="70"/>
                    <color r="10" g="9" b="87"/>
                    <color r="80" g="72" b="70"/>
                    <color r="17" g="22" b="88"/>
                    <color r="25" g="28" b="87"/>
                    <color r="19" g="24" b="88"/>
                    <color r="12" g="12" b="88"/>
                    <color r="103" g="90" b="71"/>
                    <color r="242" g="207" b="6"/>
                    <color r="253" g="216" b="2"/>
                    <color r="250" g="214" b="3"/>
                    <color r="241" g="209" b="11"/>
                    <color r="232" g="199" b="18"/>
                    <color r="198" g="169" b="30"/>
                    <color r="134" g="116" b="61"/>
                    <color r="40" g="35" b="82"/>
                    <color r="11" g="11" b="88"/>
                    <color r="36" g="33" b="88"/>
                    <color r="33" g="30" b="86"/>
                    <color r="22" g="26" b="88"/>
                    <color r="14" g="21" b="88"/>
                    <color r="27" g="27" b="88"/>
                    <color r="57" g="50" b="79"/>
                    <color r="203" g="174" b="30"/>
                    <color r="251" g="216" b="5"/>
                    <color r="250" g="214" b="5"/>
                    <color r="198" g="170" b="27"/>
                    <color r="114" g="99" b="60"/>
                    <color r="94" g="80" b="74"/>
                    <color r="55" g="49" b="82"/>
                    <color r="19" g="18" b="87"/>
                    <color r="25" g="22" b="88"/>
                    <color r="22" g="25" b="88"/>
                    <color r="27" g="28" b="88"/>
                    <color r="27" g="29" b="88"/>
                    <color r="13" g="21" b="88"/>
                    <color r="26" g="27" b="88"/>
                    <color r="38" g="33" b="85"/>
                    <color r="162" g="139" b="44"/>
                    <color r="247" g="211" b="5"/>
                    <color r="251" g="214" b="7"/>
                    <color r="230" g="197" b="17"/>
                    <color r="96" g="84" b="68"/>
                    <color r="8" g="8" b="87"/>
                    <color r="57" g="50" b="82"/>
                    <color r="117" g="101" b="70"/>
                    <color r="142" g="121" b="61"/>
                    <color r="134" g="115" b="63"/>
                    <color r="58" g="55" b="82"/>
                    <color r="23" g="22" b="87"/>
                    <color r="15" g="22" b="88"/>
                    <color r="27" g="29" b="87"/>
                    <color r="14" g="22" b="87"/>
                    <color r="103" g="93" b="62"/>
                    <color r="239" g="205" b="12"/>
                    <color r="250" g="213" b="8"/>
                    <color r="247" g="215" b="6"/>
                    <color r="142" g="122" b="57"/>
                    <color r="45" g="40" b="83"/>
                    <color r="148" g="128" b="60"/>
                    <color r="227" g="193" b="17"/>
                    <color r="247" g="212" b="5"/>
                    <color r="250" g="218" b="3"/>
                    <color r="246" g="214" b="6"/>
                    <color r="149" g="128" b="61"/>
                    <color r="33" g="29" b="87"/>
                    <color r="24" g="27" b="87"/>
                    <color r="27" g="26" b="88"/>
                    <color r="73" g="63" b="71"/>
                    <color r="225" g="194" b="23"/>
                    <color r="252" g="216" b="6"/>
                    <color r="247" g="213" b="5"/>
                    <color r="182" g="156" b="40"/>
                    <color r="71" g="66" b="75"/>
                    <color r="183" g="158" b="39"/>
                    <color r="246" g="212" b="8"/>
                    <color r="253" g="216" b="2"/>
                    <color r="253" g="215" b="5"/>
                    <color r="252" g="216" b="7"/>
                    <color r="240" g="205" b="11"/>
                    <color r="106" g="93" b="71"/>
                    <color r="60" g="52" b="79"/>
                    <color r="21" g="24" b="87"/>
                    <color r="87" g="75" b="70"/>
                    <color r="223" g="191" b="25"/>
                    <color r="252" g="216" b="6"/>
                    <color r="248" g="213" b="5"/>
                    <color r="184" g="158" b="34"/>
                    <color r="63" g="55" b="80"/>
                    <color r="169" g="146" b="45"/>
                    <color r="246" g="212" b="4"/>
                    <color r="252" g="217" b="4"/>
                    <color r="253" g="218" b="1"/>
                    <color r="253" g="217" b="3"/>
                    <color r="242" g="208" b="12"/>
                    <color r="173" g="150" b="46"/>
                    <color r="17" g="18" b="86"/>
                    <color r="143" g="125" b="56"/>
                    <color r="127" g="111" b="59"/>
                    <color r="225" g="194" b="18"/>
                    <color r="251" g="214" b="8"/>
                    <color r="244" g="210" b="8"/>
                    <color r="177" g="153" b="39"/>
                    <color r="58" g="50" b="80"/>
                    <color r="91" g="79" b="72"/>
                    <color r="237" g="202" b="14"/>
                    <color r="210" g="180" b="28"/>
                    <color r="207" g="178" b="32"/>
                    <color r="225" g="194" b="17"/>
                    <color r="198" g="171" b="37"/>
                    <color r="118" g="101" b="60"/>
                    <color r="46" g="40" b="82"/>
                    <color r="104" g="89" b="73"/>
                    <color r="232" g="198" b="15"/>
                    <color r="243" g="209" b="6"/>
                    <color r="252" g="215" b="7"/>
                    <color r="246" g="212" b="7"/>
                    <color r="165" g="143" b="48"/>
                    <color r="42" g="44" b="83"/>
                    <color r="13" g="13" b="88"/>
                    <color r="168" g="144" b="58"/>
                    <color r="247" g="213" b="8"/>
                    <color r="121" g="112" b="53"/>
                    <color r="30" g="29" b="84"/>
                    <color r="31" g="27" b="80"/>
                    <color r="26" g="22" b="86"/>
                    <color r="14" g="16" b="86"/>
                    <color r="110" g="96" b="68"/>
                    <color r="233" g="198" b="12"/>
                    <color r="253" g="216" b="1"/>
                    <color r="248" g="212" b="7"/>
                    <color r="225" g="192" b="15"/>
                    <color r="129" g="110" b="62"/>
                    <color r="13" g="12" b="86"/>
                    <color r="33" g="30" b="87"/>
                    <color r="18" g="16" b="89"/>
                    <color r="190" g="163" b="57"/>
                    <color r="253" g="218" b="2"/>
                    <color r="234" g="200" b="18"/>
                    <color r="187" g="160" b="48"/>
                    <color r="147" g="127" b="57"/>
                    <color r="166" g="143" b="53"/>
                    <color r="205" g="175" b="38"/>
                    <color r="244" g="208" b="9"/>
                    <color r="253" g="216" b="2"/>
                    <color r="252" g="215" b="5"/>
                    <color r="151" g="129" b="48"/>
                    <color r="75" g="64" b="77"/>
                    <color r="22" g="21" b="87"/>
                    <color r="25" g="28" b="88"/>
                    <color r="27" g="29" b="88"/>
                    <color r="15" g="17" b="89"/>
                    <color r="120" g="106" b="68"/>
                    <color r="234" g="202" b="16"/>
                    <color r="250" g="214" b="5"/>
                    <color r="251" g="216" b="4"/>
                    <color r="247" g="213" b="5"/>
                    <color r="249" g="214" b="5"/>
                    <color r="250" g="215" b="4"/>
                    <color r="249" g="212" b="7"/>
                    <color r="238" g="205" b="14"/>
                    <color r="212" g="183" b="25"/>
                </colors>
            </tag>
            <tag x="624" y="176" width="16" height="16">
                <colors>
                    <color r="133" g="114" b="56"/>
                    <color r="54" g="48" b="78"/>
                    <color r="9" g="9" b="88"/>
                    <color r="122" g="105" b="73"/>
                    <color r="207" g="177" b="41"/>
                    <color r="211" g="182" b="40"/>
                    <color r="211" g="181" b="40"/>
                    <color r="211" g="182" b="40"/>
                    <color r="210" g="180" b="41"/>
                    <color r="136" g="122" b="58"/>
                    <color r="33" g="34" b="85"/>
                    <color r="25" g="28" b="88"/>
                    <color r="12" g="20" b="88"/>
                    <color r="15" g="22" b="88"/>
                    <color r="16" g="21" b="88"/>
                    <color r="10" g="21" b="88"/>
                    <color r="23" g="21" b="87"/>
                    <color r="27" g="28" b="87"/>
                    <color r="20" g="23" b="88"/>
                    <color r="21" g="18" b="87"/>
                    <color r="28" g="24" b="86"/>
                    <color r="29" g="25" b="86"/>
                    <color r="29" g="25" b="86"/>
                    <color r="28" g="24" b="86"/>
                    <color r="28" g="24" b="86"/>
                    <color r="24" g="24" b="87"/>
                    <color r="19" g="24" b="88"/>
                    <color r="14" g="21" b="88"/>
                    <color r="14" g="21" b="88"/>
                    <color r="12" g="21" b="88"/>
                    <color r="27" g="20" b="86"/>
                    <color r="66" g="18" b="79"/>
                    <color r="22" g="26" b="88"/>
                    <color r="14" g="21" b="88"/>
                    <color r="12" g="20" b="88"/>
                    <color r="26" g="28" b="88"/>
                    <color r="38" g="36" b="87"/>
                    <color r="36" g="35" b="87"/>
                    <color r="36" g="35" b="87"/>
                    <color r="36" g="35" b="87"/>
                    <color r="36" g="34" b="87"/>
                    <color r="25" g="28" b="88"/>
                    <color r="14" g="21" b="88"/>
                    <color r="14" g="21" b="88"/>
                    <color r="17" g="21" b="88"/>
                    <color r="23" g="21" b="88"/>
                    <color r="96" g="15" b="70"/>
                    <color r="195" g="2" b="23"/>
                    <color r="16" g="22" b="88"/>
                    <color r="16" g="22" b="88"/>
                    <color r="15" g="21" b="88"/>
                    <color r="15" g="21" b="88"/>
                    <color r="15" g="21" b="88"/>
                    <color r="16" g="22" b="88"/>
                    <color r="16" g="22" b="88"/>
                    <color r="16" g="22" b="88"/>
                    <color r="16" g="22" b="88"/>
                    <color r="16" g="22" b="88"/>
                    <color r="16" g="21" b="88"/>
                    <color r="14" g="21" b="88"/>
                    <color r="24" g="21" b="87"/>
                    <color r="53" g="18" b="78"/>
                    <color r="180" g="5" b="32"/>
                    <color r="227" g="0" b="7"/>
                    <color r="26" g="22" b="88"/>
                    <color r="25" g="21" b="88"/>
                    <color r="25" g="21" b="88"/>
                    <color r="25" g="21" b="88"/>
                    <color r="25" g="21" b="88"/>
                    <color r="25" g="22" b="88"/>
                    <color r="25" g="22" b="88"/>
                    <color r="25" g="22" b="88"/>
                    <color r="25" g="22" b="88"/>
                    <color r="26" g="21" b="88"/>
                    <color r="26" g="21" b="88"/>
                    <color r="34" g="21" b="87"/>
                    <color r="31" g="20" b="85"/>
                    <color r="142" g="9" b="48"/>
                    <color r="220" g="1" b="12"/>
                    <color r="225" g="0" b="9"/>
                    <color r="8" g="21" b="88"/>
                    <color r="9" g="21" b="88"/>
                    <color r="9" g="21" b="88"/>
                    <color r="9" g="21" b="88"/>
                    <color r="9" g="21" b="88"/>
                    <color r="9" g="21" b="88"/>
                    <color r="9" g="21" b="88"/>
                    <color r="8" g="21" b="88"/>
                    <color r="9" g="21" b="88"/>
                    <color r="8" g="21" b="88"/>
                    <color r="9" g="21" b="87"/>
                    <color r="14" g="21" b="88"/>
                    <color r="109" g="13" b="64"/>
                    <color r="215" g="1" b="13"/>
                    <color r="226" g="0" b="9"/>
                    <color r="226" g="0" b="7"/>
                    <color r="173" g="7" b="48"/>
                    <color r="173" g="7" b="48"/>
                    <color r="173" g="7" b="48"/>
                    <color r="173" g="7" b="48"/>
                    <color r="173" g="7" b="48"/>
                    <color r="173" g="7" b="48"/>
                    <color r="173" g="7" b="48"/>
                    <color r="172" g="7" b="48"/>
                    <color r="173" g="7" b="48"/>
                    <color r="173" g="7" b="48"/>
                    <color r="174" g="7" b="48"/>
                    <color r="172" g="6" b="47"/>
                    <color r="210" g="1" b="21"/>
                    <color r="227" g="0" b="6"/>
                    <color r="225" g="0" b="8"/>
                    <color r="226" g="0" b="7"/>
                    <color r="228" g="0" b="6"/>
                    <color r="228" g="0" b="6"/>
                    <color r="228" g="0" b="6"/>
                    <color r="228" g="0" b="6"/>
                    <color r="228" g="0" b="6"/>
                    <color r="228" g="0" b="6"/>
                    <color r="228" g="0" b="6"/>
                    <color r="228" g="0" b="6"/>
                    <color r="228" g="0" b="6"/>
                    <color r="228" g="0" b="6"/>
                    <color r="228" g="0" b="6"/>
                    <color r="229" g="0" b="5"/>
                    <color r="227" g="0" b="7"/>
                    <color r="226" g="0" b="8"/>
                    <color r="226" g="0" b="7"/>
                    <color r="226" g="0" b="7"/>
                    <color r="226" g="0" b="8"/>
                    <color r="226" g="0" b="8"/>
                    <color r="226" g="0" b="8"/>
                    <color r="226" g="0" b="8"/>
                    <color r="226" g="0" b="8"/>
                    <color r="226" g="0" b="8"/>
                    <color r="226" g="0" b="8"/>
                    <color r="226" g="0" b="8"/>
                    <color r="226" g="0" b="8"/>
                    <color r="226" g="0" b="8"/>
                    <color r="226" g="0" b="8"/>
                    <color r="226" g="0" b="8"/>
                    <color r="226" g="0" b="7"/>
                    <color r="226" g="0" b="7"/>
                    <color r="226" g="0" b="7"/>
                    <color r="226" g="0" b="7"/>
                    <color r="226" g="0" b="7"/>
                    <color r="226" g="0" b="7"/>
                    <color r="226" g="0" b="7"/>
                    <color r="226" g="0" b="7"/>
                    <color r="226" g="0" b="7"/>
                    <color r="226" g="0" b="7"/>
                    <color r="226" g="0" b="7"/>
                    <color r="226" g="0" b="7"/>
                    <color r="226" g="0" b="7"/>
                    <color r="226" g="0" b="7"/>
                    <color r="226" g="0" b="7"/>
                    <color r="226" g="0" b="7"/>
                    <color r="226" g="0" b="7"/>
                    <color r="226" g="0" b="7"/>
                    <color r="226" g="0" b="7"/>
                    <color r="226" g="0" b="7"/>
                    <color r="226" g="0" b="7"/>
                    <color r="226" g="0" b="7"/>
                    <color r="226" g="0" b="7"/>
                    <color r="226" g="0" b="7"/>
                    <color r="226" g="0" b="7"/>
                    <color r="226" g="0" b="7"/>
                    <color r="226" g="0" b="7"/>
                    <color r="226" g="0" b="7"/>
                    <color r="226" g="0" b="7"/>
                    <color r="226" g="0" b="7"/>
                    <color r="226" g="0" b="7"/>
                    <color r="226" g="0" b="7"/>
                    <color r="226" g="0" b="7"/>
                    <color r="226" g="0" b="7"/>
                    <color r="226" g="0" b="7"/>
                    <color r="226" g="0" b="7"/>
                    <color r="226" g="0" b="7"/>
                    <color r="226" g="0" b="7"/>
                    <color r="226" g="0" b="7"/>
                    <color r="226" g="0" b="7"/>
                    <color r="226" g="0" b="7"/>
                    <color r="226" g="0" b="7"/>
                    <color r="226" g="0" b="7"/>
                    <color r="226" g="0" b="7"/>
                    <color r="226" g="0" b="7"/>
                    <color r="226" g="0" b="7"/>
                    <color r="226" g="0" b="7"/>
                    <color r="226" g="0" b="7"/>
                    <color r="226" g="0" b="7"/>
                    <color r="226" g="0" b="7"/>
                    <color r="226" g="0" b="7"/>
                    <color r="226" g="0" b="7"/>
                    <color r="226" g="0" b="7"/>
                    <color r="226" g="0" b="7"/>
                    <color r="226" g="0" b="7"/>
                    <color r="226" g="0" b="7"/>
                    <color r="226" g="0" b="7"/>
                    <color r="226" g="0" b="7"/>
                    <color r="226" g="0" b="7"/>
                    <color r="226" g="0" b="7"/>
                    <color r="226" g="0" b="7"/>
                    <color r="226" g="0" b="7"/>
                    <color r="226" g="0" b="7"/>
                    <color r="226" g="0" b="7"/>
                    <color r="226" g="0" b="7"/>
                    <color r="226" g="0" b="7"/>
                    <color r="226" g="0" b="7"/>
                    <color r="226" g="0" b="7"/>
                    <color r="226" g="0" b="7"/>
                    <color r="226" g="0" b="7"/>
                    <color r="226" g="0" b="7"/>
                    <color r="226" g="0" b="7"/>
                    <color r="226" g="0" b="7"/>
                    <color r="226" g="0" b="7"/>
                    <color r="226" g="0" b="7"/>
                    <color r="226" g="0" b="7"/>
                    <color r="226" g="0" b="7"/>
                    <color r="226" g="0" b="7"/>
                    <color r="226" g="0" b="7"/>
                    <color r="226" g="0" b="7"/>
                    <color r="226" g="0" b="7"/>
                    <color r="226" g="0" b="7"/>
                    <color r="226" g="0" b="7"/>
                    <color r="226" g="0" b="7"/>
                    <color r="226" g="0" b="7"/>
                    <color r="226" g="0" b="7"/>
                    <color r="226" g="0" b="7"/>
                    <color r="226" g="0" b="7"/>
                    <color r="226" g="0" b="7"/>
                    <color r="226" g="0" b="7"/>
                    <color r="226" g="0" b="7"/>
                    <color r="226" g="0" b="7"/>
                    <color r="226" g="0" b="7"/>
                    <color r="226" g="0" b="7"/>
                    <color r="226" g="0" b="7"/>
                    <color r="226" g="0" b="7"/>
                    <color r="226" g="0" b="7"/>
                    <color r="226" g="0" b="7"/>
                    <color r="226" g="0" b="7"/>
                    <color r="226" g="0" b="7"/>
                    <color r="225" g="0" b="9"/>
                    <color r="226" g="0" b="8"/>
                    <color r="226" g="0" b="7"/>
                    <color r="226" g="0" b="7"/>
                    <color r="226" g="0" b="7"/>
                    <color r="226" g="0" b="7"/>
                    <color r="226" g="0" b="7"/>
                    <color r="226" g="0" b="7"/>
                    <color r="226" g="0" b="7"/>
                    <color r="226" g="0" b="7"/>
                    <color r="226" g="0" b="7"/>
                    <color r="226" g="0" b="7"/>
                    <color r="226" g="0" b="7"/>
                    <color r="226" g="0" b="7"/>
                    <color r="226" g="0" b="7"/>
                    <color r="226" g="0" b="7"/>
                </colors>
            </tag>
            <tag x="592" y="128" width="16" height="16">
                <colors>
                    <color r="254" g="254" b="254"/>
                    <color r="254" g="254" b="254"/>
                    <color r="254" g="254" b="254"/>
                    <color r="254" g="254" b="254"/>
                    <color r="254" g="254" b="254"/>
                    <color r="254" g="254" b="254"/>
                    <color r="254" g="254" b="254"/>
                    <color r="254" g="254" b="254"/>
                    <color r="253" g="253" b="254"/>
                    <color r="222" g="222" b="229"/>
                    <color r="37" g="43" b="100"/>
                    <color r="17" g="23" b="86"/>
                    <color r="17" g="24" b="88"/>
                    <color r="16" g="24" b="89"/>
                    <color r="14" g="22" b="88"/>
                    <color r="22" g="29" b="90"/>
                    <color r="254" g="254" b="254"/>
                    <color r="254" g="254" b="254"/>
                    <color r="254" g="254" b="254"/>
                    <color r="254" g="254" b="254"/>
                    <color r="254" g="254" b="254"/>
                    <color r="254" g="254" b="254"/>
                    <color r="254" g="254" b="254"/>
                    <color r="254" g="254" b="254"/>
                    <color r="253" g="253" b="254"/>
                    <color r="217" g="217" b="225"/>
                    <color r="28" g="31" b="96"/>
                    <color r="20" g="25" b="87"/>
                    <color r="16" g="23" b="88"/>
                    <color r="16" g="23" b="89"/>
                    <color r="16" g="24" b="89"/>
                    <color r="16" g="24" b="88"/>
                    <color r="254" g="254" b="254"/>
                    <color r="254" g="254" b="254"/>
                    <color r="254" g="254" b="254"/>
                    <color r="254" g="254" b="254"/>
                    <color r="254" g="254" b="254"/>
                    <color r="254" g="254" b="254"/>
                    <color r="254" g="254" b="254"/>
                    <color r="254" g="254" b="254"/>
                    <color r="253" g="253" b="253"/>
                    <color r="202" g="203" b="212"/>
                    <color r="16" g="16" b="82"/>
                    <color r="26" g="31" b="89"/>
                    <color r="15" g="22" b="87"/>
                    <color r="16" g="23" b="89"/>
                    <color r="16" g="23" b="89"/>
                    <color r="14" g="22" b="87"/>
                    <color r="254" g="254" b="254"/>
                    <color r="254" g="254" b="254"/>
                    <color r="254" g="254" b="254"/>
                    <color r="254" g="254" b="254"/>
                    <color r="254" g="254" b="254"/>
                    <color r="254" g="254" b="254"/>
                    <color r="254" g="254" b="254"/>
                    <color r="253" g="253" b="254"/>
                    <color r="253" g="253" b="253"/>
                    <color r="181" g="182" b="192"/>
                    <color r="15" g="15" b="71"/>
                    <color r="28" g="32" b="91"/>
                    <color r="14" g="21" b="88"/>
                    <color r="15" g="23" b="89"/>
                    <color r="15" g="23" b="89"/>
                    <color r="14" g="21" b="87"/>
                    <color r="254" g="254" b="254"/>
                    <color r="254" g="254" b="254"/>
                    <color r="254" g="254" b="254"/>
                    <color r="254" g="254" b="254"/>
                    <color r="254" g="254" b="254"/>
                    <color r="254" g="254" b="254"/>
                    <color r="254" g="254" b="254"/>
                    <color r="254" g="254" b="254"/>
                    <color r="248" g="248" b="250"/>
                    <color r="118" g="120" b="148"/>
                    <color r="11" g="13" b="83"/>
                    <color r="21" g="27" b="89"/>
                    <color r="13" g="21" b="88"/>
                    <color r="15" g="22" b="88"/>
                    <color r="15" g="23" b="88"/>
                    <color r="14" g="21" b="88"/>
                    <color r="254" g="254" b="254"/>
                    <color r="254" g="254" b="254"/>
                    <color r="254" g="254" b="254"/>
                    <color r="254" g="254" b="254"/>
                    <color r="254" g="254" b="254"/>
                    <color r="254" g="254" b="254"/>
                    <color r="254" g="254" b="254"/>
                    <color r="253" g="253" b="253"/>
                    <color r="224" g="224" b="230"/>
                    <color r="51" g="53" b="103"/>
                    <color r="19" g="26" b="90"/>
                    <color r="17" g="24" b="89"/>
                    <color r="14" g="21" b="88"/>
                    <color r="14" g="22" b="88"/>
                    <color r="15" g="22" b="88"/>
                    <color r="14" g="21" b="88"/>
                    <color r="254" g="254" b="254"/>
                    <color r="254" g="254" b="254"/>
                    <color r="254" g="254" b="254"/>
                    <color r="254" g="254" b="254"/>
                    <color r="254" g="254" b="254"/>
                    <color r="254" g="254" b="254"/>
                    <color r="254" g="254" b="254"/>
                    <color r="249" g="249" b="250"/>
                    <color r="168" g="170" b="186"/>
                    <color r="16" g="16" b="84"/>
                    <color r="27" g="32" b="91"/>
                    <color r="15" g="23" b="88"/>
                    <color r="14" g="22" b="88"/>
                    <color r="13" g="21" b="88"/>
                    <color r="14" g="22" b="88"/>
                    <color r="13" g="21" b="88"/>
                    <color r="254" g="254" b="254"/>
                    <color r="254" g="254" b="254"/>
                    <color r="254" g="254" b="254"/>
                    <color r="254" g="254" b="254"/>
                    <color r="254" g="254" b="254"/>
                    <color r="255" g="255" b="255"/>
                    <color r="253" g="253" b="254"/>
                    <color r="227" g="228" b="233"/>
                    <color r="79" g="80" b="124"/>
                    <color r="32" g="35" b="91"/>
                    <color r="15" g="22" b="87"/>
                    <color r="15" g="23" b="88"/>
                    <color r="14" g="22" b="88"/>
                    <color r="13" g="21" b="88"/>
                    <color r="14" g="22" b="88"/>
                    <color r="13" g="21" b="88"/>
                    <color r="254" g="254" b="254"/>
                    <color r="254" g="254" b="254"/>
                    <color r="254" g="254" b="254"/>
                    <color r="254" g="254" b="254"/>
                    <color r="255" g="255" b="255"/>
                    <color r="253" g="253" b="253"/>
                    <color r="249" g="249" b="250"/>
                    <color r="166" g="168" b="186"/>
                    <color r="34" g="36" b="97"/>
                    <color r="25" g="30" b="90"/>
                    <color r="13" g="21" b="87"/>
                    <color r="14" g="22" b="88"/>
                    <color r="14" g="21" b="88"/>
                    <color r="13" g="21" b="88"/>
                    <color r="14" g="22" b="88"/>
                    <color r="13" g="21" b="88"/>
                    <color r="254" g="254" b="254"/>
                    <color r="254" g="254" b="254"/>
                    <color r="254" g="254" b="254"/>
                    <color r="254" g="254" b="254"/>
                    <color r="254" g="254" b="254"/>
                    <color r="252" g="252" b="252"/>
                    <color r="210" g="210" b="220"/>
                    <color r="69" g="70" b="118"/>
                    <color r="23" g="27" b="86"/>
                    <color r="16" g="23" b="88"/>
                    <color r="15" g="22" b="88"/>
                    <color r="13" g="21" b="88"/>
                    <color r="13" g="21" b="88"/>
                    <color r="13" g="21" b="88"/>
                    <color r="14" g="22" b="88"/>
                    <color r="13" g="21" b="88"/>
                    <color r="254" g="254" b="254"/>
                    <color r="254" g="254" b="254"/>
                    <color r="254" g="254" b="254"/>
                    <color r="254" g="254" b="254"/>
                    <color r="252" g="252" b="252"/>
                    <color r="232" g="232" b="237"/>
                    <color r="92" g="96" b="138"/>
                    <color r="17" g="22" b="89"/>
                    <color r="19" g="25" b="88"/>
                    <color r="14" g="22" b="88"/>
                    <color r="14" g="22" b="88"/>
                    <color r="13" g="21" b="88"/>
                    <color r="13" g="21" b="88"/>
                    <color r="13" g="21" b="88"/>
                    <color r="14" g="22" b="88"/>
                    <color r="13" g="21" b="88"/>
                    <color r="254" g="254" b="254"/>
                    <color r="255" g="255" b="255"/>
                    <color r="253" g="253" b="253"/>
                    <color r="253" g="253" b="253"/>
                    <color r="236" g="237" b="241"/>
                    <color r="107" g="110" b="143"/>
                    <color r="14" g="16" b="87"/>
                    <color r="20" g="27" b="90"/>
                    <color r="14" g="22" b="88"/>
                    <color r="14" g="22" b="88"/>
                    <color r="13" g="21" b="88"/>
                    <color r="13" g="21" b="88"/>
                    <color r="13" g="21" b="88"/>
                    <color r="13" g="21" b="88"/>
                    <color r="14" g="22" b="88"/>
                    <color r="13" g="21" b="88"/>
                    <color r="255" g="255" b="255"/>
                    <color r="254" g="254" b="254"/>
                    <color r="251" g="251" b="252"/>
                    <color r="230" g="231" b="235"/>
                    <color r="114" g="116" b="148"/>
                    <color r="11" g="12" b="86"/>
                    <color r="27" g="33" b="92"/>
                    <color r="11" g="20" b="88"/>
                    <color r="14" g="22" b="88"/>
                    <color r="13" g="21" b="88"/>
                    <color r="13" g="21" b="88"/>
                    <color r="13" g="21" b="88"/>
                    <color r="13" g="21" b="88"/>
                    <color r="13" g="21" b="88"/>
                    <color r="14" g="21" b="88"/>
                    <color r="14" g="22" b="88"/>
                    <color r="252" g="252" b="253"/>
                    <color r="249" g="249" b="250"/>
                    <color r="203" g="203" b="216"/>
                    <color r="95" g="97" b="141"/>
                    <color r="23" g="26" b="91"/>
                    <color r="26" g="32" b="91"/>
                    <color r="11" g="20" b="88"/>
                    <color r="14" g="21" b="88"/>
                    <color r="14" g="21" b="88"/>
                    <color r="13" g="21" b="88"/>
                    <color r="13" g="21" b="88"/>
                    <color r="13" g="21" b="88"/>
                    <color r="13" g="21" b="88"/>
                    <color r="13" g="21" b="88"/>
                    <color r="13" g="21" b="88"/>
                    <color r="14" g="22" b="88"/>
                    <color r="236" g="236" b="240"/>
                    <color r="172" g="173" b="189"/>
                    <color r="65" g="66" b="115"/>
                    <color r="14" g="18" b="87"/>
                    <color r="18" g="25" b="89"/>
                    <color r="12" g="20" b="88"/>
                    <color r="14" g="22" b="88"/>
                    <color r="14" g="22" b="88"/>
                    <color r="13" g="21" b="88"/>
                    <color r="13" g="21" b="88"/>
                    <color r="13" g="21" b="88"/>
                    <color r="13" g="21" b="88"/>
                    <color r="13" g="21" b="88"/>
                    <color r="13" g="21" b="88"/>
                    <color r="13" g="21" b="88"/>
                    <color r="14" g="22" b="88"/>
                    <color r="78" g="78" b="132"/>
                    <color r="31" g="31" b="94"/>
                    <color r="30" g="33" b="90"/>
                    <color r="18" g="25" b="89"/>
                    <color r="14" g="22" b="88"/>
                    <color r="14" g="22" b="88"/>
                    <color r="13" g="21" b="88"/>
                    <color r="13" g="21" b="88"/>
                    <color r="13" g="21" b="88"/>
                    <color r="13" g="21" b="88"/>
                    <color r="13" g="21" b="88"/>
                    <color r="13" g="21" b="88"/>
                    <color r="13" g="21" b="88"/>
                    <color r="13" g="21" b="88"/>
                    <color r="13" g="21" b="88"/>
                    <color r="13" g="21" b="88"/>
                </colors>
            </tag>
        </tags>
        <whitelist>
            <mouse/>
            <key/>
            <gamepad/>
        </whitelist>
        <blacklist>
            <mouse/>
            <key/>
            <gamepad/>
        </blacklist>
        <pad>
            <rx min="-1" max="1"/>
            <ry min="-1" max="1"/>
            <lx min="-1" max="1"/>
            <ly min="-1" max="1"/>
        </pad>
    </label>
</labels>
